year,state,fungicide (lb/acre),herbicide (lb/acre),insecticide (lb/acre),other chemicals (lb/acre),fertilizer (lb/acre),april-nov-avg-temp,april-nov-precipitation,april-nov-pdsi,population-density,price-received,grain-yield,silage-yield,april-nov-subsoil-score,april-nov-topsoil-score
1895,illinois,,,,,,61.5,22.17,-2.2514285714285713,,,41.0,,,
1895,indiana,,,,,,61.3,20.54,-3.6271428571428577,,,36.0,,,
1895,iowa,,,,,,58.8,22.69,-1.1428571428571428,,0.18,39.0,,,
1895,minnesota,,,,,,52.6,20.99,0.0442857142857142,,,30.5,,,
1895,missouri,,,,,,63.8,29.94,0.9571428571428572,,,37.0,,,
1895,nebraska,,,,,,58.1,16.94,0.6428571428571429,,,16.5,,,
1896,illinois,,,,,,62.4,30.64,1.24,,,42.0,,,
1896,indiana,,,,,,62.2,33.66,1.7099999999999995,,,39.5,,,
1896,iowa,,,,,,57.8,33.97,2.012857142857143,,0.14,43.0,,,
1896,minnesota,,,,,,50.9,27.17,2.001428571428572,,,30.5,,,
1896,missouri,,,,,,65.0,34.66,2.0614285714285714,,,29.5,,,
1896,nebraska,,,,,,56.9,23.25,2.508571428571429,,,37.5,,,
1897,illinois,,,,,,62.2,20.87,-1.69,,,34.0,,,
1897,indiana,,,,,,61.2,24.24,-0.9414285714285714,,,30.5,,,
1897,iowa,,,,,,59.3,19.59,-2.0214285714285714,,0.17,33.5,,,
1897,minnesota,,,,,,52.8,21.64,0.6642857142857144,,,28.0,,,
1897,missouri,,,,,,65.2,22.81,-1.2514285714285711,,,26.0,,,
1897,nebraska,,,,,,59.0,18.6,2.424285714285714,,,30.0,,,
1898,illinois,,,,,,61.0,32.05,2.6385714285714283,,,31.0,,,
1898,indiana,,,,,,61.2,28.82,1.282857142857143,,,38.5,,,
1898,iowa,,,,,,57.9,25.07,-1.5914285714285714,,0.23,36.0,,,
1898,minnesota,,,,,,51.6,21.23,0.3314285714285714,,,30.5,,,
1898,missouri,,,,,,63.5,39.21,3.6342857142857143,,,30.0,,,
1898,nebraska,,,,,,56.9,18.14,0.2957142857142857,,,21.0,,,
1899,illinois,,,,,,63.3,23.42,-1.1785714285714286,,,38.8,,,
1899,indiana,,,,,,63.2,21.83,-2.2214285714285715,,,39.8,,,
1899,iowa,,,,,,60.5,24.2,-0.4614285714285714,,0.23,39.1,,,
1899,minnesota,,,,,,53.7,25.94,2.601428571428571,,,32.8,,,
1899,missouri,,,,,,65.8,28.56,0.6528571428571429,,,28.1,,,
1899,nebraska,,,,,,59.4,16.46,-1.134285714285714,,,28.8,,,
1900,illinois,,,,,,63.5,27.26,-1.1457142857142857,83.36563722997468,,40.0,,,
1900,indiana,,,,,,63.5,28.12,-1.7757142857142856,69.13869062083414,,41.5,,,
1900,iowa,,,,,,61.0,31.14,0.7614285714285715,39.646145269802595,0.27,45.0,,,
1900,minnesota,,,,,,55.1,24.84,0.7314285714285714,20.175800932710946,,33.0,,,
1900,missouri,,,,,,65.8,31.92,0.3914285714285714,44.58663327738007,,29.5,,,
1900,nebraska,,,,,,60.4,20.45,-1.49,13.794831424444984,,26.0,,,
1901,illinois,,,,,,62.2,16.19,-3.501428571428572,84.8506092270289,,24.0,,,
1901,indiana,,,,,,61.4,20.13,-3.3971428571428572,69.77021956613962,,22.0,,,
1901,iowa,,,,,,60.7,19.28,-2.628571428571429,39.575062983348445,0.52,28.5,,,
1901,minnesota,,,,,,54.0,21.08,-0.86,20.762440526535492,,27.0,,,
1901,missouri,,,,,,65.9,15.66,-3.815714285714286,44.87354854943528,,10.0,,,
1901,nebraska,,,,,,60.2,18.97,-1.7385714285714282,13.937046181398026,,14.0,,,
1902,illinois,,,,,,61.8,33.88,1.7485714285714289,86.1974442941246,,41.0,,,
1902,indiana,,,,,,61.8,31.47,0.78,70.48412185213711,,39.0,,,
1902,iowa,,,,,,58.3,38.61,3.68,39.48621012528075,0.33,38.0,,,
1902,minnesota,,,,,,52.0,23.46,1.3728571428571428,21.418096543162928,,23.0,,,
1902,missouri,,,,,,64.4,35.61,1.0671428571428572,45.14611805788773,,39.0,,,
1902,nebraska,,,,,,58.1,24.08,1.82,14.079260938351068,,32.5,,,
1903,illinois,,,,,,60.5,25.77,1.6714285714285717,87.56154647746511,,35.5,,,
1903,indiana,,,,,,60.1,25.77,-0.2514285714285714,71.22548191836526,,35.0,,,
1903,iowa,,,,,,57.4,32.27,4.497142857142857,39.39735726721307,0.38,32.5,,,
1903,minnesota,,,,,,51.0,27.32,3.7342857142857144,21.8667032913817,,27.5,,,
1903,missouri,,,,,,62.5,31.22,2.6785714285714284,45.41868756634019,,29.5,,,
1903,nebraska,,,,,,57.2,23.27,4.96,14.27319015237794,,27.5,,,
1904,illinois,,,,,,59.9,24.93,1.1885714285714286,89.11558693949861,,39.0,,,
1904,indiana,,,,,,59.4,20.5,-0.9985714285714286,71.77463752297872,,33.0,,,
1904,iowa,,,,,,57.7,22.69,-0.2042857142857142,39.30850440914538,0.33,39.0,,,
1904,minnesota,,,,,,51.6,21.22,2.89,22.372823725269544,,25.5,,,
1904,missouri,,,,,,62.5,31.0,2.0642857142857145,45.69125707479264,,26.0,,,
1904,nebraska,,,,,,58.1,21.34,3.461428571428571,14.467119366404816,,33.0,,,
1905,illinois,,,,,,61.6,29.65,0.6785714285714286,90.49695623908394,,42.0,,,
1905,indiana,,,,,,61.1,33.3,1.2985714285714285,72.35125090782286,,42.0,,,
1905,iowa,,,,,,58.5,30.98,1.4442857142857142,39.29073383753184,0.34,41.5,,,
1905,minnesota,,,,,,52.0,29.94,4.564285714285715,22.786922262086875,,34.0,,,
1905,missouri,,,,,,63.9,38.5,1.8214285714285712,45.963826583245094,,34.0,,,
1905,nebraska,,,,,,57.6,27.4,6.141428571428571,14.5964055090894,,34.0,,,
1906,illinois,,,,,,62.2,24.6,-0.5942857142857143,91.67112014373149,,39.0,,,
1906,indiana,,,,,,61.8,25.92,-0.4614285714285713,73.12006875428169,,41.0,,,
1906,iowa,,,,,,59.1,24.9,-0.2885714285714286,39.34404555237245,0.32,45.5,,,
1906,minnesota,,,,,,53.3,26.11,3.661428571428572,22.85593868488976,,34.0,,,
1906,missouri,,,,,,63.9,27.81,1.6985714285714288,46.23639609169754,,32.5,,,
1906,nebraska,,,,,,57.8,22.43,5.247142857142857,14.712763037505525,,34.0,,,
1907,illinois,,,,,,58.6,29.04,2.2771428571428567,92.96615386209272,,39.0,,,
1907,indiana,,,,,,57.4,28.41,2.2057142857142855,73.55939323797246,,36.5,,,
1907,iowa,,,,,,56.1,27.02,1.69,39.39735726721307,0.43,35.0,,,
1907,minnesota,,,,,,49.5,19.38,2.7285714285714286,22.94796058196028,,27.0,,,
1907,missouri,,,,,,61.8,29.52,1.8085714285714285,46.50896560015,,31.0,,,
1907,nebraska,,,,,,56.7,17.5,3.9014285714285712,14.854977794458565,,24.0,,,
1908,illinois,,,,,,62.1,25.38,-0.7185714285714285,94.5201943241262,,35.0,,,
1908,indiana,,,,,,61.9,20.35,-1.8128571428571427,73.5044776775111,,30.5,,,
1908,iowa,,,,,,59.0,30.44,2.5585714285714283,39.45066898205368,0.57,38.0,,,
1908,minnesota,,,,,,53.5,24.16,2.682857142857143,23.235529010305648,,29.0,,,
1908,missouri,,,,,,64.1,33.36,1.1085714285714283,46.767189344999686,,27.0,,,
1908,nebraska,,,,,,58.1,24.11,3.637142857142857,15.010121165680063,0.51,27.0,,,
1909,illinois,,,,,,61.5,31.44,1.4585714285714286,96.12603613489416,0.56,38.8,,,
1909,indiana,,,,,,60.5,33.29,2.347142857142857,73.53193545774178,0.55,39.9,,,
1909,iowa,,,,,,58.3,32.76,2.8628571428571425,39.503980696894295,0.52,37.1,,,
1909,minnesota,,,,,,52.1,24.07,1.4714285714285713,23.592113861453903,0.5,33.9,,,
1909,missouri,,,,,,65.0,33.91,0.6900000000000002,47.03975885345214,,26.9,,,
1909,nebraska,,,,,,58.5,21.08,4.085714285714285,15.216978993975395,0.5,24.8,,,
1910,illinois,,,,,,60.6,26.19,-1.1342857142857146,97.87001487562064,0.45,41.0,,,
1910,indiana,,,,,,59.6,29.55,0.3657142857142857,74.49295776581533,0.45,39.0,,,
1910,iowa,,,,,,58.7,17.65,-3.48,39.59283355496198,0.42,41.5,,,
1910,minnesota,,,,,,53.1,12.91,-4.502857142857144,23.994709661137417,0.46,32.0,,,
1910,missouri,,,,,,63.1,31.09,0.8214285714285714,47.35536565271288,,33.0,,,
1910,nebraska,,,,,,59.1,14.95,-1.727142857142857,15.48847989361302,0.44,26.0,,,
1911,illinois,,,,,,62.1,30.59,-0.0257142857142857,99.40678822140931,0.64,36.0,,,
1911,indiana,,,,,,61.3,30.08,-0.2528571428571428,75.5363534145809,0.62,34.5,,,
1911,iowa,,,,,,59.0,24.62,-2.572857142857143,39.96601555884627,0.6,35.5,,,
1911,minnesota,,,,,,51.5,23.94,-2.447142857142857,24.3742999865533,0.53,33.0,,,
1911,missouri,,,,,,65.0,28.48,-0.7557142857142857,47.58489787035705,,26.0,,,
1911,nebraska,,,,,,58.3,18.41,-1.2085714285714284,15.721194950445268,0.62,21.5,,,
1912,illinois,,,,,,61.9,27.87,0.8957142857142856,100.6327534747913,0.52,40.0,,,
1912,indiana,,,,,,61.1,30.01,2.108571428571429,76.46991794242378,0.51,39.5,,,
1912,iowa,,,,,,59.0,24.07,-0.6885714285714286,40.4991327072524,0.44,46.0,,,
1912,minnesota,,,,,,52.7,20.32,-0.0557142857142857,24.69637662630011,0.4,34.0,,,
1912,missouri,,,,,,64.4,30.07,-0.0514285714285714,47.972233487631584,,32.0,,,
1912,nebraska,,,,,,57.9,17.54,1.4357142857142855,15.9280527787406,0.49,27.0,,,
1913,illinois,,,,,,63.4,22.71,-2.011428571428571,102.92927993535191,0.66,28.0,,,
1913,indiana,,,,,,62.4,24.64,-1.7185714285714284,77.54077137142,0.64,35.5,,,
1913,iowa,,,,,,60.6,24.97,-1.3314285714285714,40.961167569204385,0.61,37.5,,,
1913,minnesota,,,,,,53.5,23.68,0.9857142857142858,25.19099432305414,0.54,38.0,,,
1913,missouri,,,,,,66.2,24.68,-2.067142857142857,48.90470812181102,,17.5,,,
1913,nebraska,,,,,,59.9,16.21,-0.85,16.109053378499016,0.64,15.0,,,
1914,illinois,,,,,,63.8,19.65,-4.0685714285714285,105.48481313958476,0.68,31.0,,,
1914,indiana,,,,,,62.6,20.54,-3.565714285714286,78.44687811903222,0.67,33.0,,,
1914,iowa,,,,,,61.1,26.89,-0.857142857142857,41.54759643245113,0.64,40.5,,,
1914,minnesota,,,,,,54.2,24.62,0.4514285714285714,25.69711475694199,0.59,35.0,,,
1914,missouri,,,,,,66.3,24.74,-1.8985714285714284,49.73676241077114,,22.0,,,
1914,nebraska,,,,,,60.6,17.53,-1.0171428571428571,16.341768435331264,0.61,24.5,,,
1915,illinois,,,,,,61.4,33.48,2.9171428571428573,106.95251802039418,0.66,38.0,,,
1915,indiana,,,,,,60.8,31.21,2.122857142857143,78.88620260272299,0.65,38.5,,,
1915,iowa,,,,,,58.2,32.91,3.4828571428571427,42.045172437630185,0.63,32.5,,,
1915,minnesota,,,,,,52.2,24.62,2.07,26.14572150516076,0.64,23.0,,,
1915,missouri,,,,,,64.2,39.13,3.0157142857142856,50.09540650084016,,29.5,,,
1915,nebraska,,,,,,57.5,29.84,6.359999999999999,16.44519734947893,0.58,31.0,,,
1916,illinois,,,,,,62.0,25.01,-1.0071428571428571,108.33388731997952,1.11,31.0,,,
1916,indiana,,,,,,61.4,25.92,-0.6542857142857142,79.54518932825913,1.08,32.5,,,
1916,iowa,,,,,,58.7,22.91,-1.052857142857143,42.22287815376555,1.15,38.0,,,
1916,minnesota,,,,,,51.9,22.98,3.0000000000000004,26.548317304844275,0.99,33.0,,,
1916,missouri,,,,,,64.6,26.81,-0.8871428571428571,50.59750822693678,,19.5,,,
1916,nebraska,,,,,,57.9,16.81,4.0600000000000005,16.483983192284306,1.15,27.0,,,
1917,illinois,,,,,,58.7,25.9,0.0885714285714285,109.00730485352736,1.3,40.0,,,
1917,indiana,,,,,,58.0,27.24,0.2514285714285714,79.90214047125788,1.35,35.5,,,
1917,iowa,,,,,,56.4,24.07,-0.3785714285714286,42.329501583446785,1.3,38.5,,,
1917,minnesota,,,,,,50.5,16.02,-1.412857142857143,26.789874784654383,1.27,27.0,,,
1917,missouri,,,,,,61.6,27.23,-1.2357142857142858,49.77979970157942,,33.5,,,
1917,nebraska,,,,,,56.9,18.08,0.3357142857142857,16.61326933496889,1.37,27.0,,,
1918,illinois,,,,,,61.5,29.72,0.5842857142857143,108.35115443622432,1.42,36.5,,,
1918,indiana,,,,,,61.1,27.96,-0.4771428571428572,79.0784070643377,1.44,35.0,,,
1918,iowa,,,,,,59.4,28.72,0.7028571428571428,41.77861386342712,1.4,37.0,,,
1918,minnesota,,,,,,52.5,20.86,-1.8685714285714288,26.352770773569425,1.25,37.0,,,
1918,missouri,,,,,,64.7,30.34,-2.572857142857143,47.69966397917913,,20.0,,,
1918,nebraska,,,,,,58.9,19.44,-1.1285714285714286,16.367625663868182,1.45,18.0,,,
1919,illinois,,,,,,62.5,30.83,0.2257142857142857,110.37140703686788,1.47,36.0,7.2,,
1919,indiana,,,,,,62.4,30.04,-0.2457142857142857,79.79230935033519,1.44,35.6,6.9,,
1919,iowa,,,,,,59.0,30.96,1.542857142857143,42.276189868606174,1.34,41.6,7.8,,
1919,minnesota,,,,,,51.9,24.19,1.508571428571429,26.98542131592923,1.3,35.5,7.8,,
1919,missouri,,,,,,64.4,35.1,0.8214285714285714,48.35956910490612,,26.5,5.0,,
1919,nebraska,,,,,,57.6,21.13,1.9542857142857144,16.67791240631118,1.32,24.0,4.9,,
1920,illinois,,,,,,61.1,22.7,-1.1557142857142857,115.05079553921318,0.58,35.0,6.8,,
1920,indiana,,,,,,60.4,26.2,-0.6314285714285715,80.91807833979277,0.57,39.5,7.4,,
1920,iowa,,,,,,58.2,25.98,-0.5185714285714285,42.64937187249046,0.47,46.0,8.7,,
1920,minnesota,,,,,,52.8,21.46,0.4885714285714285,27.64107733255667,0.47,33.5,7.8,,
1920,missouri,,,,,,63.0,28.13,0.2771428571428571,48.83297930379722,,31.5,5.6,,
1920,nebraska,,,,,,57.1,22.49,4.082857142857143,16.807198548995764,0.38,33.2,6.4,,
1921,illinois,,,,,,64.0,30.33,-0.6700000000000002,118.41788320695242,0.47,35.0,7.3,,
1921,indiana,,,,,,63.8,31.55,-0.1442857142857141,81.71435396648228,0.48,36.0,7.0,,
1921,iowa,,,,,,61.0,28.14,-0.37,42.77376587378523,0.41,43.0,8.5,,
1921,minnesota,,,,,,54.4,19.85,-2.232857142857143,27.99766218370492,0.41,38.5,7.9,,
1921,missouri,,,,,,65.9,34.44,0.7542857142857143,49.19162339386624,,30.5,5.7,,
1921,nebraska,,,,,,60.1,18.07,-0.7285714285714286,16.923556077411888,0.37,27.0,5.8,,
1922,illinois,,,,,,63.6,22.54,-2.077142857142857,120.14459483143408,0.69,35.5,7.2,,
1922,indiana,,,,,,63.0,23.82,-2.0828571428571427,81.41231838394488,0.69,36.0,6.4,,
1922,iowa,,,,,,61.0,24.9,-0.7128571428571429,43.14694787766952,0.64,45.0,9.1,,
1922,minnesota,,,,,,55.3,18.59,-3.4199999999999995,28.19320871497977,0.6,29.5,7.3,,
1922,missouri,,,,,,65.8,27.6,-1.592857142857143,49.30638950268832,,28.5,6.4,,
1922,nebraska,,,,,,60.2,18.31,-1.5314285714285716,16.962341920217263,0.62,24.0,5.7,,
1923,illinois,,,,,,61.2,26.67,-0.5199999999999999,122.04397761836393,0.78,37.5,7.0,,
1923,indiana,,,,,,60.4,27.92,0.3742857142857143,83.52656746170669,0.73,38.0,6.9,,
1923,iowa,,,,,,58.9,24.79,-0.4557142857142857,43.09363616282891,0.75,40.5,7.9,,
1923,minnesota,,,,,,54.0,17.16,-3.3242857142857147,28.6073072517971,0.67,35.0,7.7,,
1923,missouri,,,,,,63.5,29.97,0.5628571428571428,49.55026748393525,,30.0,5.8,,
1923,nebraska,,,,,,58.1,25.79,3.1714285714285713,17.078699448633387,0.67,32.0,5.5,,
1924,illinois,,,,,,60.4,26.24,0.7657142857142857,124.58224370635196,1.02,33.0,6.5,,
1924,indiana,,,,,,59.6,24.56,0.0728571428571428,84.73470979185629,1.03,28.0,5.6,,
1924,iowa,,,,,,57.5,24.61,0.7528571428571429,43.00478330476122,1.01,28.0,7.1,,
1924,minnesota,,,,,,50.9,21.67,0.1185714285714284,28.9984003143468,0.91,26.5,7.3,,
1924,missouri,,,,,,63.3,30.71,1.0114285714285711,50.324938718484326,,23.5,5.9,,
1924,nebraska,,,,,,57.7,15.73,2.93,17.233842819854885,0.97,21.5,5.6,,
1925,illinois,,,,,,61.7,26.02,-0.9528571428571428,126.15355128463028,0.64,41.0,7.5,,
1925,indiana,,,,,,61.1,27.48,-1.1314285714285717,85.64081653946849,0.59,42.0,7.3,,
1925,iowa,,,,,,58.5,24.52,-0.0785714285714285,43.12917730605598,0.6,43.9,8.5,,
1925,minnesota,,,,,,52.1,21.21,-0.18,29.21695231988928,0.58,36.0,7.3,,
1925,missouri,,,,,,64.3,32.93,0.3085714285714286,50.58316246333402,,27.5,6.9,,
1925,nebraska,,,,,,58.6,18.28,-0.3157142857142858,17.36312896253947,0.63,25.0,5.9,,
1926,illinois,,,,,,60.4,34.7,1.5042857142857144,127.69032463041896,0.69,36.0,6.5,,
1926,indiana,,,,,,60.0,33.33,1.375714285714286,86.43709216615801,0.66,38.0,6.9,,
1926,iowa,,,,,,58.0,28.56,0.7357142857142858,43.21803016412367,0.69,39.0,7.6,,
1926,minnesota,,,,,,50.9,21.49,0.0614285714285714,29.44700706256557,0.67,34.0,7.3,,
1926,missouri,,,,,,63.1,34.03,0.7157142857142856,51.01353537141683,,26.0,6.2,,
1926,nebraska,,,,,,58.7,18.27,-0.6657142857142857,17.49241510522405,0.73,15.5,4.5,,
1927,illinois,,,,,,61.6,37.88,4.331428571428572,129.8314470447762,0.85,32.0,6.3,,
1927,indiana,,,,,,61.1,35.63,3.2728571428571436,87.61777671607693,0.86,31.5,6.2,,
1927,iowa,,,,,,58.4,24.94,-0.7928571428571428,43.37796530864551,0.83,35.0,8.1,,
1927,minnesota,,,,,,51.1,20.13,-0.1785714285714286,29.769083702312383,0.75,31.0,7.1,,
1927,missouri,,,,,,64.3,42.48,4.854285714285715,51.30045064347205,,27.0,7.5,,
1927,nebraska,,,,,,58.0,19.74,1.8514285714285712,17.647558476445553,0.74,32.1,6.3,,
1928,illinois,,,,,,60.7,29.84,2.4785714285714286,130.81567267073078,0.8,38.0,7.0,,
1928,indiana,,,,,,59.8,27.69,1.6085714285714288,88.19439010092107,0.83,35.2,6.9,,
1928,iowa,,,,,,57.9,31.05,1.4314285714285713,43.537900453167346,0.76,41.5,8.4,,
1928,minnesota,,,,,,51.8,23.33,1.3071428571428572,29.81509465084764,0.7,35.0,7.6,,
1928,missouri,,,,,,63.0,38.08,3.3685714285714288,51.65909473354107,,27.5,6.2,,
1928,nebraska,,,,,,57.5,19.72,0.1328571428571428,17.725130162056303,0.77,22.0,4.6,,
1929,illinois,,,,,,60.3,31.13,2.9557142857142855,131.33368615807527,0.76,35.5,7.1,,
1929,indiana,,,,,,59.7,32.8,2.114285714285714,88.57879902415048,0.77,31.3,6.8,,
1929,iowa,,,,,,57.6,24.33,-0.8342857142857143,43.71560616930272,0.73,40.2,8.5,,
1929,minnesota,,,,,,51.6,16.9,-1.8085714285714285,29.58503990817135,0.67,36.5,7.4,,
1929,missouri,,,,,,62.9,35.75,3.588571428571428,51.96035576919904,,23.2,5.3,,
1929,nebraska,,,,,,57.4,20.33,0.9814285714285714,17.776844619130134,0.67,25.2,5.0,,
1930,illinois,,,,,,63.1,18.92,-3.184285714285714,131.9898365753783,0.54,27.0,6.5,,
1930,indiana,,,,,,61.8,18.05,-3.4514285714285715,89.01812350784125,0.56,28.0,5.8,,
1930,iowa,,,,,,60.5,22.7,-1.3385714285714283,43.98216474350579,0.52,34.0,8.0,,
1930,minnesota,,,,,,54.0,19.76,-2.4057142857142857,29.631050856706608,0.49,33.0,6.5,,
1930,missouri,,,,,,65.4,22.63,-2.9185714285714286,52.30465409566529,,16.0,4.5,,
1930,nebraska,,,,,,59.5,23.74,1.8157142857142856,17.841487690472427,0.46,25.0,5.5,,
1931,illinois,,,,,,64.6,29.99,-4.444285714285714,132.7323225739054,0.25,37.0,7.5,,
1931,indiana,,,,,,63.7,29.25,-2.12,89.42999021130134,0.25,39.0,8.5,,
1931,iowa,,,,,,62.2,29.83,-1.9314285714285713,44.10655874480055,0.28,32.9,7.0,,
1931,minnesota,,,,,,56.0,20.45,-3.8657142857142857,30.068154867791566,0.33,25.0,6.0,,
1931,missouri,,,,,,66.4,31.65,-1.1114285714285714,53.237128729844734,,26.0,6.3,,
1931,nebraska,,,,,,61.1,15.39,-1.5114285714285711,17.89320214754626,0.3,17.0,4.2,,
1932,illinois,,,,,,61.6,25.47,-0.6142857142857141,133.57841126990144,0.27,43.0,8.0,,
1932,indiana,,,,,,60.8,27.55,-0.3028571428571428,90.08897693683748,0.26,37.5,9.0,,
1932,iowa,,,,,,58.7,26.18,1.6799999999999995,44.23095274609532,0.3,43.0,9.2,,
1932,minnesota,,,,,,52.9,18.81,-2.6028571428571428,30.436242456073636,0.28,37.5,7.2,,
1932,missouri,,,,,,64.1,26.02,-0.4285714285714285,53.73923045594136,,28.0,6.5,,
1932,nebraska,,,,,,59.6,17.56,-0.6371428571428571,17.919059376083176,0.27,25.0,4.2,,
1933,illinois,,,,,,63.2,25.2,-1.6128571428571428,134.13095898973555,0.5,27.5,5.5,,
1933,indiana,,,,,,62.5,27.69,-1.3471428571428572,90.72050588214296,0.47,29.5,7.0,,
1933,iowa,,,,,,60.4,19.22,-2.4299999999999997,44.33757617577655,0.5,40.0,9.0,,
1933,minnesota,,,,,,53.8,16.89,-3.834285714285715,30.74681635868663,0.44,31.0,6.5,,
1933,missouri,,,,,,65.6,27.62,-1.2771428571428571,54.1265660732159,,24.0,6.0,,
1933,nebraska,,,,,,60.8,16.58,-2.501428571428572,17.90613076181472,0.41,22.5,4.5,,
1934,illinois,,,,,,64.9,26.66,-3.4285714285714284,134.2000274547148,0.79,22.1,4.8,,
1934,indiana,,,,,,63.8,22.54,-4.777142857142857,91.13237258560304,0.78,27.6,6.5,,
1934,iowa,,,,,,62.7,23.75,-6.041428571428573,44.60413474997961,0.79,28.2,6.0,,
1934,minnesota,,,,,,54.9,17.93,-6.902857142857142,30.999876575630555,0.76,24.6,4.0,,
1934,missouri,,,,,,67.7,27.76,-2.707142857142857,54.284369472846265,,9.3,2.7,,
1934,nebraska,,,,,,62.9,12.16,-7.048571428571429,17.867344919009344,0.87,6.2,1.5,,
1935,illinois,,,,,,60.7,31.82,0.4714285714285712,134.63170536083524,0.64,38.5,8.0,,
1935,indiana,,,,,,60.2,28.5,-1.5685714285714285,91.4893237286018,0.57,38.0,8.5,,
1935,iowa,,,,,,57.8,27.9,0.742857142857143,44.852922752569135,0.62,38.0,8.9,,
1935,minnesota,,,,,,51.3,21.99,0.8328571428571429,31.252936792574477,0.54,34.5,7.1,,
1935,missouri,,,,,,62.8,37.41,0.6185714285714284,54.48521016328491,,19.0,4.5,,
1935,nebraska,,,,,,57.4,20.54,-2.5528571428571425,17.776844619130134,0.61,13.5,3.0,,
1936,illinois,,,,,,63.7,22.22,-1.7614285714285711,135.37419135936236,1.05,24.0,5.4,,
1936,indiana,,,,,,62.5,23.96,-2.1471428571428572,91.92864821229256,1.0,25.6,5.5,,
1936,iowa,,,,,,61.3,20.02,-3.3742857142857146,44.586364178366075,1.07,20.0,3.5,,
1936,minnesota,,,,,,53.2,13.56,-3.607142857142857,31.448483323849327,1.03,22.0,4.0,,
1936,missouri,,,,,,66.8,22.78,-2.007142857142857,54.5282474540932,,10.5,3.0,,
1936,nebraska,,,,,,61.5,11.24,-5.18,17.557058176566343,1.16,5.5,1.2,,
1937,illinois,,,,,,61.2,26.13,-0.1357142857142857,135.66773233552425,0.47,48.0,7.5,,
1937,indiana,,,,,,60.2,30.04,1.6742857142857142,92.64255049829006,0.45,45.0,8.5,,
1937,iowa,,,,,,59.3,21.84,-2.244285714285714,44.39088789061716,0.44,45.0,8.6,,
1937,minnesota,,,,,,53.2,22.4,-2.858571428571429,31.586516169455106,0.43,37.5,7.5,,
1937,missouri,,,,,,64.1,25.11,-1.04,54.42782710887387,,27.5,6.3,,
1937,nebraska,,,,,,60.2,15.01,-5.807142857142857,17.31141450546564,0.51,12.0,2.3,,
1938,illinois,,,,,,63.4,28.3,0.4385714285714286,135.82313638172758,0.45,44.0,9.0,,
1938,indiana,,,,,,62.4,28.23,0.6542857142857142,92.97204386105814,0.45,41.0,8.0,,
1938,iowa,,,,,,60.9,31.25,1.0871428571428572,44.31980560416301,0.46,46.0,10.0,,
1938,minnesota,,,,,,53.9,23.69,-0.7085714285714285,31.667035329391805,0.43,36.5,8.0,,
1938,missouri,,,,,,66.1,28.49,-0.2914285714285714,54.24133218203798,,26.0,6.0,,
1938,nebraska,,,,,,60.8,19.64,-3.707142857142857,17.14334251997568,0.47,15.5,3.4,,
1939,illinois,,,,,,62.7,25.06,-0.6171428571428572,136.23754717160318,0.52,51.0,9.6,,
1939,indiana,,,,,,61.9,25.11,-1.1942857142857142,93.43882612497956,0.52,50.0,9.4,,
1939,iowa,,,,,,60.9,19.64,-1.974285714285714,44.781840466114986,0.53,52.2,10.4,,
1939,minnesota,,,,,,54.4,18.15,-2.332857142857143,31.87408459780047,0.5,47.0,8.0,,
1939,missouri,,,,,,65.5,27.68,-0.2399999999999999,54.2700237092435,,30.3,6.7,,
1939,nebraska,,,,,,61.4,12.99,-5.154285714285714,17.039913605828012,0.56,14.2,2.1,,
1940,illinois,,,,,,61.7,21.85,-3.575714285714285,136.49655391527543,0.61,43.0,8.5,,
1940,indiana,,,,,,60.7,24.08,-3.32,94.26255953189975,0.63,37.0,7.0,,
1940,iowa,,,,,,59.2,25.52,-3.1342857142857143,45.08394018354513,0.57,52.5,10.0,,
1940,minnesota,,,,,,52.9,21.54,-2.532857142857143,32.092636603342946,0.53,41.0,8.0,,
1940,missouri,,,,,,63.8,24.74,-2.5785714285714287,54.31306100005178,,31.0,6.9,,
1940,nebraska,,,,,,60.3,13.59,-6.088571428571428,17.014056377291098,0.58,20.5,2.0,,
1941,illinois,,,,,,64.3,33.73,-1.2342857142857144,138.05059437730893,0.74,53.0,10.5,,
1941,indiana,,,,,,63.6,26.77,-3.2157142857142857,95.6354485434334,0.76,45.0,8.5,,
1941,iowa,,,,,,61.6,31.1,-0.0642857142857141,44.26649388932239,0.72,51.0,10.0,,
1941,minnesota,,,,,,55.4,26.15,1.092857142857143,31.26443952970829,0.65,45.0,8.5,,
1941,missouri,,,,,,66.5,36.16,-0.9399999999999996,54.6717050901208,,29.5,6.8,,
1941,nebraska,,,,,,60.2,21.38,-1.1971428571428575,16.44519734947893,0.67,24.0,4.3,,
1942,illinois,,,,,,62.4,30.69,1.9628571428571429,139.12115558448755,0.9,54.0,10.0,,
1942,indiana,,,,,,62.1,29.72,0.8285714285714285,96.29443526896954,0.91,54.0,9.5,,
1942,iowa,,,,,,59.3,27.23,1.9171428571428577,43.34242416541843,0.86,60.0,10.5,,
1942,minnesota,,,,,,52.6,24.42,2.705714285714286,30.62028625021467,0.79,46.0,8.5,,
1942,missouri,,,,,,64.5,35.26,2.084285714285714,54.92992883497049,,36.0,6.5,,
1942,nebraska,,,,,,58.8,21.59,2.0057142857142862,16.01855307861981,0.82,32.0,4.7,,
1943,illinois,,,,,,61.3,28.44,-0.3785714285714285,134.01008917602184,1.06,50.0,9.5,,
1943,indiana,,,,,,60.7,28.9,-0.3914285714285714,94.70188401559052,1.07,49.0,8.0,,
1943,iowa,,,,,,58.0,27.48,1.9228571428571428,41.47651414599697,0.99,55.0,10.8,,
1943,minnesota,,,,,,52.6,23.62,2.792857142857143,29.64255359384042,0.99,42.5,8.2,,
1943,missouri,,,,,,64.0,32.33,0.2371428571428571,53.15105414822817,,31.5,6.0,,
1943,nebraska,,,,,,59.4,15.98,-1.4600000000000002,16.044410307156724,1.03,27.0,4.5,,
1944,illinois,,,,,,63.1,24.74,-1.6828571428571428,133.28487029373954,1.05,45.4,8.5,,
1944,indiana,,,,,,62.7,23.72,-2.8814285714285712,94.45476399351446,1.08,40.1,6.5,,
1944,iowa,,,,,,59.5,30.75,2.7542857142857144,40.890085282750235,0.98,52.5,9.5,,
1944,minnesota,,,,,,53.8,27.25,3.158571428571429,29.055914000015875,0.9,43.7,7.6,,
1944,missouri,,,,,,64.8,29.89,-0.53,51.07091842582788,,33.5,6.0,,
1944,nebraska,,,,,,58.6,23.16,3.1457142857142855,15.721194950445268,0.97,33.3,6.2,,
1945,illinois,,,,,,60.3,33.97,2.564285714285714,131.24735057685118,1.21,46.5,8.0,,
1945,indiana,,,,,,60.2,34.36,2.7914285714285714,94.09781285051572,1.22,53.0,9.0,,
1945,iowa,,,,,,56.9,27.31,2.494285714285715,41.014479284044995,1.23,44.5,8.7,,
1945,minnesota,,,,,,50.5,22.11,3.0914285714285716,29.182444108487836,1.08,39.0,7.5,,
1945,missouri,,,,,,62.9,38.48,3.718571428571429,50.439704827306414,,28.5,5.0,,
1945,nebraska,,,,,,57.1,19.92,2.494285714285714,15.656551879102976,1.13,29.0,5.0,,
1946,illinois,,,,,,62.2,30.2,1.4528571428571428,140.8133329764796,1.51,56.0,9.0,,
1946,indiana,,,,,,61.5,25.5,-1.0257142857142858,101.64870241395074,1.49,51.0,8.5,,
1946,iowa,,,,,,58.9,28.04,1.467142857142857,43.84000017059749,1.53,57.0,10.5,,
1946,minnesota,,,,,,52.7,23.86,2.005714285714286,31.448483323849327,1.4,45.5,8.3,,
1946,missouri,,,,,,64.5,32.44,-0.1042857142857142,53.73923045594136,,37.5,6.5,,
1946,nebraska,,,,,,58.9,21.78,0.1657142857142857,16.2383395211836,1.51,29.5,5.3,,
1947,illinois,,,,,,62.1,30.42,-0.1999999999999999,144.02501659801547,2.22,39.5,7.4,,
1947,indiana,,,,,,61.2,31.82,0.3557142857142857,103.76295149171254,2.16,43.0,7.0,,
1947,iowa,,,,,,59.3,29.91,-0.5142857142857142,44.586364178366075,2.15,31.0,6.4,,
1947,minnesota,,,,,,52.7,23.15,0.0642857142857142,32.161653026145835,2.08,38.0,7.2,,
1947,missouri,,,,,,64.9,34.18,-0.2442857142857142,55.15946105261466,,25.0,5.0,,
1947,nebraska,,,,,,58.9,20.76,0.562857142857143,16.354697049599725,2.12,20.0,3.8,,
1948,illinois,,,,,,62.4,25.32,-0.4,147.66837812567178,1.27,61.0,9.5,,
1948,indiana,,,,,,61.8,28.85,0.0299999999999999,106.45381395431848,1.25,57.0,9.0,,
1948,iowa,,,,,,60.1,22.08,-1.9385714285714288,45.19056361322635,1.31,60.5,11.0,,
1948,minnesota,,,,,,54.6,18.89,-1.647142857142857,32.98985009978049,1.21,54.0,8.9,,
1948,missouri,,,,,,64.5,28.64,-0.0457142857142857,55.145115289011905,,45.0,7.5,,
1948,nebraska,,,,,,59.9,18.21,-0.1528571428571428,16.354697049599725,1.29,35.0,5.7,,
1949,illinois,,,,,,62.5,24.53,-0.1942857142857142,149.70589784256015,1.25,54.0,10.0,,
1949,indiana,,,,,,61.9,26.39,1.1585714285714286,108.67789415300298,1.2,50.0,9.2,,
1949,iowa,,,,,,60.4,21.0,-1.4557142857142855,45.812533619700176,1.27,47.0,10.1,,
1949,minnesota,,,,,,54.9,21.8,-0.597142857142857,33.76053348774607,1.19,44.0,8.5,,
1949,missouri,,,,,,64.2,31.88,1.77,55.6902543059168,1.21,39.0,7.6,,
1949,nebraska,,,,,,60.0,20.24,2.7728571428571427,16.83305577753268,1.21,31.1,6.2,,
1950,illinois,,,,,,59.9,27.85,2.492857142857143,150.8800617472077,1.59,51.0,9.5,,
1950,indiana,,,,,,59.4,32.8,4.187142857142857,108.92501417507904,1.59,48.5,9.0,,
1950,iowa,,,,,,56.7,24.21,0.0742857142857143,46.64775048553644,1.52,48.5,10.0,,
1950,minnesota,,,,,,50.4,21.16,-0.217142857142857,34.473703190042585,1.43,39.5,7.3,,
1950,missouri,,,,,,62.0,29.46,2.8228571428571425,56.86660692134318,1.48,44.0,7.5,,
1950,nebraska,,,,,,56.6,20.0,2.2485714285714287,17.156271134244136,1.45,36.0,6.5,,
1951,illinois,,,,,,59.9,31.02,2.7142857142857144,151.77795179193814,1.7,55.0,9.5,,
1951,indiana,,,,,,59.8,27.43,2.27,112.46706782483582,1.68,53.0,9.0,,
1951,iowa,,,,,,56.0,33.79,4.085714285714286,46.50558591262814,1.61,43.5,8.5,,
1951,minnesota,,,,,,50.5,24.73,2.3628571428571425,34.62323877278218,1.4,40.5,7.5,,
1951,missouri,,,,,,62.0,39.69,3.5828571428571427,57.59824086508397,1.77,34.0,7.5,,
1951,nebraska,,,,,,55.6,26.78,5.735714285714286,17.014056377291098,1.55,28.0,5.5,,
1952,illinois,,,,,,62.2,23.95,-0.7385714285714285,154.6442930885777,1.52,58.0,10.0,,
1952,indiana,,,,,,61.5,25.52,-0.1671428571428572,113.89487239683082,1.5,50.0,9.0,,
1952,iowa,,,,,,58.8,23.15,1.011428571428571,46.66552105714998,1.5,62.5,11.0,,
1952,minnesota,,,,,,53.7,18.99,-0.5057142857142857,34.85329351545847,1.4,52.0,8.3,,
1952,missouri,,,,,,64.3,23.45,-1.7285714285714282,56.981373030165265,1.52,41.0,7.5,,
1952,nebraska,,,,,,59.3,15.69,0.0028571428571427,16.949413305948806,1.49,38.0,7.0,,
1953,illinois,,,,,,63.4,17.91,-2.86,156.52640875926272,1.49,54.0,10.0,,
1953,indiana,,,,,,62.5,20.14,-2.664285714285714,114.8284369246737,1.45,51.5,9.5,,
1953,iowa,,,,,,60.0,19.13,-1.6742857142857142,46.7188327719906,1.5,53.0,10.5,,
1953,minnesota,,,,,,54.5,25.59,1.98,35.08334825813476,1.45,49.5,8.1,,
1953,missouri,,,,,,65.7,16.32,-4.409999999999999,57.669969683097776,1.51,33.5,6.3,,
1953,nebraska,,,,,,59.8,16.6,-1.205714285714286,17.039913605828012,1.47,29.5,4.5,,
1954,illinois,,,,,,63.7,26.74,-4.418571428571429,159.75535949704343,1.44,50.5,9.5,,
1954,indiana,,,,,,62.7,26.72,-2.7471428571428573,117.07997490358886,1.37,55.5,10.0,,
1954,iowa,,,,,,60.1,30.04,0.7300000000000002,46.66552105714998,1.45,54.5,9.5,,
1954,minnesota,,,,,,52.7,21.44,-0.06,35.80802069756509,1.34,51.5,8.6,,
1954,missouri,,,,,,66.9,26.61,-6.384285714285714,58.32987480882476,1.52,23.0,4.2,,
1954,nebraska,,,,,,60.7,17.29,-2.457142857142857,17.324343119734095,1.46,29.0,5.5,,
1955,illinois,,,,,,63.3,27.04,-1.7657142857142856,162.91524176984487,1.38,56.0,10.5,,
1955,indiana,,,,,,62.6,30.84,0.0785714285714285,119.79829514642547,1.32,56.0,11.0,,
1955,iowa,,,,,,60.7,19.31,-2.4557142857142855,47.60736135266748,1.44,48.5,9.0,,
1955,minnesota,,,,,,55.0,21.3,-2.065714285714286,36.48668218846016,1.37,50.0,8.8,,
1955,missouri,,,,,,65.1,25.89,-2.87,59.30538673381249,1.34,40.0,7.5,,
1955,nebraska,,,,,,60.3,14.56,-5.220000000000001,17.763916004861677,1.44,20.0,3.5,,
1956,illinois,,,,,,62.6,23.03,-2.2528571428571427,164.55561781310246,1.31,68.0,11.5,,
1956,indiana,,,,,,61.3,23.99,-0.9185714285714284,122.40678426833938,1.27,62.0,10.5,,
1956,iowa,,,,,,60.0,21.84,-6.237142857142857,48.03385507139239,1.31,53.5,9.5,,
1956,minnesota,,,,,,52.9,20.82,-1.3685714285714283,37.26886831355955,1.22,58.5,9.8,,
1956,missouri,,,,,,65.6,24.31,-3.4757142857142855,59.721413878292545,1.32,48.0,8.5,,
1956,nebraska,,,,,,59.9,14.5,-6.652857142857143,18.061274133036218,1.36,23.5,5.0,,
1957,illinois,,,,,,61.5,34.68,1.977142857142857,166.9384798548871,1.15,64.0,11.5,,
1957,indiana,,,,,,60.9,36.97,2.237142857142857,124.35628666471716,1.11,59.0,9.5,,
1957,iowa,,,,,,58.2,27.56,0.45,48.26487250236838,1.05,62.0,11.0,,
1957,minnesota,,,,,,52.8,26.82,2.0614285714285714,37.65996137610925,0.91,58.0,9.4,,
1957,missouri,,,,,,63.5,37.04,1.9242857142857144,60.09440373196432,1.12,44.0,8.0,,
1957,nebraska,,,,,,57.6,24.48,2.1728571428571426,18.022488290230843,1.09,46.5,8.0,,
1958,illinois,,,,,,61.7,30.87,0.6857142857142857,170.70271119625718,1.13,69.0,11.5,,
1958,indiana,,,,,,60.7,35.84,2.677142857142857,125.83900679717348,1.11,63.0,10.0,,
1958,iowa,,,,,,59.1,23.33,-0.6157142857142857,48.12270792946007,1.08,66.0,11.5,,
1958,minnesota,,,,,,53.2,19.02,-1.587142857142857,38.10856812432802,1.01,56.0,8.6,,
1958,missouri,,,,,,64.2,35.36,1.7514285714285716,60.05136644115604,1.11,54.0,9.0,,
1958,nebraska,,,,,,59.0,19.58,3.371428571428571,17.8802735332778,1.12,51.0,10.0,,
1959,illinois,,,,,,62.2,27.06,-0.1971428571428571,172.42942282073884,1.06,67.0,12.0,,
1959,indiana,,,,,,62.0,27.87,-0.6142857142857142,126.66274020409368,1.03,62.5,12.0,,
1959,iowa,,,,,,58.2,30.91,1.5742857142857145,48.495889933344365,1.01,65.0,11.6,,
1959,minnesota,,,,,,52.4,23.7,0.9314285714285714,38.7182131924202,0.96,50.5,8.5,,
1959,missouri,,,,,,63.7,28.57,-0.0471428571428571,61.0842614205548,1.05,53.0,9.0,,
1959,nebraska,,,,,,57.9,19.56,2.165714285714286,18.061274133036218,1.03,48.5,8.5,,
1960,illinois,,,,,,62.3,26.33,-0.3114285714285714,174.1561344452205,1.0,68.0,11.0,,
1960,indiana,,,,,,61.6,25.0,-0.3885714285714286,128.33766479816472,0.98,68.0,12.0,,
1960,iowa,,,,,,59.2,28.29,2.46,48.97569536690988,0.97,63.5,11.5,,
1960,minnesota,,,,,,53.7,21.88,-0.2042857142857143,39.39687468331527,0.91,54.0,8.4,,
1960,missouri,,,,,,64.7,26.75,-0.2042857142857142,62.05977334554253,1.0,52.0,9.0,,
1960,nebraska,,,,,,59.3,18.73,1.7985714285714285,18.319846418405383,0.98,51.0,9.0,,
1961,illinois,,,,,,60.8,34.01,2.05,174.91588755999243,1.1,79.0,14.0,,
1961,indiana,,,,,,60.1,31.24,1.81,129.87530049108238,1.05,74.0,14.0,,
1961,iowa,,,,,,57.6,29.58,1.98,48.97569536690988,1.09,75.5,13.5,,
1961,minnesota,,,,,,52.9,20.23,-0.9271428571428568,39.91449785433693,1.03,64.5,11.0,,
1961,missouri,,,,,,62.4,37.21,2.667142857142857,62.38972590840603,1.11,62.0,11.0,,
1961,nebraska,,,,,,57.3,19.21,0.8385714285714284,18.694776232190673,1.11,52.0,12.0,,
1962,illinois,,,,,,62.4,23.86,-0.7528571428571428,177.50595499671493,1.12,85.0,14.0,,
1962,indiana,,,,,,61.5,24.61,-0.3742857142857142,130.04004717246642,1.08,82.0,15.0,,
1962,iowa,,,,,,59.3,26.35,1.4314285714285715,48.869071937228654,1.09,77.0,13.5,,
1962,minnesota,,,,,,53.3,24.72,1.6328571428571428,40.40911555109096,1.05,59.5,9.5,,
1962,missouri,,,,,,64.7,25.13,-1.2899999999999998,62.50449201722811,1.13,58.0,9.0,,
1962,nebraska,,,,,,59.5,23.17,2.4685714285714284,18.92749128902292,1.11,60.5,11.0,,
1963,illinois,,,,,,63.6,20.43,-2.8414285714285716,179.61254317858254,1.12,87.0,14.5,,
1963,indiana,,,,,,61.8,19.79,-1.9685714285714284,131.76988732699883,1.1,87.0,15.0,,
1963,iowa,,,,,,61.7,22.85,-1.3771428571428572,48.81576022238804,1.05,80.0,13.5,,
1963,minnesota,,,,,,56.1,21.28,-0.4528571428571428,40.61616481949962,1.03,69.0,10.9,,
1963,missouri,,,,,,66.5,23.2,-2.6771428571428575,63.006593743324736,1.14,61.0,10.0,,
1963,nebraska,,,,,,62.2,18.47,-0.5099999999999999,19.08263466024442,1.08,57.0,9.5,,
1964,illinois,,,,,,63.0,22.87,-3.987142857142857,182.68608987015992,1.17,80.0,13.0,,
1964,indiana,,,,,,62.0,22.77,-3.4,133.33498080014715,1.15,72.0,13.7,,
1964,iowa,,,,,,59.9,28.11,0.6571428571428573,48.797989650774504,1.12,77.5,12.5,,
1964,minnesota,,,,,,53.8,23.94,0.4614285714285713,40.92673872211262,1.09,58.0,8.6,,
1964,missouri,,,,,,65.1,28.91,-2.677142857142857,63.72388192346276,1.19,53.0,9.0,,
1964,nebraska,,,,,,59.3,17.33,-1.8385714285714283,19.160206345855173,1.16,54.0,9.5,,
1965,illinois,,,,,,62.5,30.37,0.7757142857142857,184.6372740058242,1.16,94.0,15.0,,
1965,indiana,,,,,,61.7,27.71,-1.9714285714285715,135.14719429537158,1.12,94.0,14.5,,
1965,iowa,,,,,,58.9,33.09,2.334285714285715,48.726907364320354,1.13,82.0,13.5,,
1965,minnesota,,,,,,51.7,28.09,3.635714285714285,41.31783178466232,1.06,61.0,9.0,,
1965,missouri,,,,,,65.2,33.37,0.54,64.08252601353178,1.15,75.0,11.5,,
1965,nebraska,,,,,,58.7,25.77,2.49,19.01799158890213,1.17,70.0,11.0,,
1966,illinois,,,,,,60.7,26.08,-0.8557142857142858,187.10647162883296,1.25,82.0,13.0,,
1966,indiana,,,,,,59.8,26.21,-1.4771428571428569,137.26144337313335,1.23,80.0,13.5,,
1966,iowa,,,,,,57.6,20.75,-0.2485714285714285,49.08231879659111,1.17,89.0,14.5,,
1966,minnesota,,,,,,51.8,19.9,-0.6885714285714286,41.60540021300768,1.16,76.0,12.3,,
1966,missouri,,,,,,63.0,26.37,-0.7528571428571428,64.88588877528638,1.3,64.0,10.0,,
1966,nebraska,,,,,,58.3,16.61,1.14,18.824062374875258,1.19,80.0,13.0,,
1967,illinois,,,,,,59.7,29.99,1.022857142857143,189.0231215320076,1.02,104.0,15.5,,
1967,indiana,,,,,,59.3,26.09,-0.3514285714285715,138.7441635055897,0.99,86.0,13.0,,
1967,iowa,,,,,,56.9,25.9,-0.5528571428571428,49.63320651661078,1.01,88.5,13.5,,
1967,minnesota,,,,,,51.5,17.24,-1.0342857142857145,42.0885151726279,0.98,72.0,9.0,,
1967,missouri,,,,,,62.2,33.6,1.2457142857142858,65.11542099293055,1.1,69.0,11.0,,
1967,nebraska,,,,,,57.3,20.67,0.5771428571428572,18.836990989143715,1.05,74.0,11.0,,
1968,illinois,,,,,,61.6,27.88,-0.2971428571428571,189.8519431117588,1.1,90.0,15.0,,
1968,indiana,,,,,,61.2,31.34,0.6128571428571429,139.84247471481663,1.05,88.0,15.0,,
1968,iowa,,,,,,58.7,29.01,0.8542857142857143,49.810912232746155,1.07,93.0,14.5,,
1968,minnesota,,,,,,53.1,29.24,2.505714285714286,42.594635606515745,1.02,82.0,11.0,,
1968,missouri,,,,,,63.2,32.36,1.145714285714286,65.5314481374106,1.09,83.0,12.0,,
1968,nebraska,,,,,,58.1,20.44,-0.0885714285714285,18.966277131828296,1.09,74.0,9.5,,
1969,illinois,,,,,,61.2,32.15,1.4428571428571428,190.6116962265307,1.18,102.0,14.5,,
1969,indiana,,,,,,60.6,31.3,0.9228571428571428,141.21536372635026,1.15,100.0,16.0,,
1969,iowa,,,,,,58.4,29.48,2.347142857142857,49.846453375973226,1.11,99.0,15.0,,
1969,minnesota,,,,,,52.9,20.29,-0.1728571428571428,43.22728614887556,1.05,87.0,10.7,,
1969,missouri,,,,,,63.8,33.59,2.204285714285714,66.56434311680937,1.19,68.0,11.0,,
1969,nebraska,,,,,,58.9,19.22,0.2685714285714285,19.056777431707506,1.09,94.0,13.5,,
1970,illinois,,,,,,62.5,36.27,2.6142857142857143,191.8425826080425,1.37,74.0,12.0,,
1970,indiana,,,,,,62.0,31.0,0.5171428571428571,142.65393174819567,1.36,76.0,13.0,,
1970,iowa,,,,,,59.5,29.76,0.3342857142857142,50.20840437859776,1.25,86.0,13.0,,
1970,minnesota,,,,,,53.5,24.42,-0.047142857142857,43.78060231322344,1.18,85.0,10.6,,
1970,missouri,,,,,,64.4,37.94,1.9457142857142855,67.10407378083603,1.4,61.0,9.5,,
1970,nebraska,,,,,,58.9,17.65,-0.3085714285714286,19.203297417211942,1.25,76.0,9.0,,
1971,illinois,,,,,,62.9,20.9,-1.86,193.43309121958504,1.09,106.0,15.0,,
1971,indiana,,,,,,61.7,25.04,0.0614285714285714,144.24659283269563,1.01,101.0,15.5,,
1971,iowa,,,,,,59.9,23.22,-0.89,50.67642792318351,1.04,102.0,14.5,,
1971,minnesota,,,,,,53.4,25.03,1.8942857142857144,44.32563650683498,1.01,83.0,11.5,,
1971,missouri,,,,,,64.9,23.38,-1.91,67.79469318643653,1.1,88.0,12.0,,
1971,nebraska,,,,,,58.8,20.1,1.384285714285714,19.4524447427794,1.11,85.0,12.0,,
1972,illinois,,,,,,60.8,33.07,1.082857142857143,194.28869409663196,1.59,110.0,15.5,,
1972,indiana,,,,,,60.1,34.29,0.5642857142857143,145.59309491742758,1.56,104.0,16.0,,
1972,iowa,,,,,,57.7,32.83,1.9571428571428573,50.82893496877089,1.65,116.0,16.0,,
1972,minnesota,,,,,,52.1,23.59,2.7114285714285713,44.51268251536794,1.5,93.0,11.8,,
1972,missouri,,,,,,63.4,31.64,-0.3442857142857143,68.26833291754528,1.43,91.0,12.0,,
1972,nebraska,,,,,,57.3,21.51,0.9614285714285716,19.638733145773617,1.53,104.0,15.0,,
1973,illinois,,,,,,62.7,34.39,3.5485714285714285,194.27866190209372,2.64,103.0,14.5,,
1973,indiana,,,,,,62.2,31.71,2.327142857142857,146.57723667645536,2.51,102.0,15.2,,
1973,iowa,,,,,,59.6,33.86,4.384285714285714,50.88985248826209,2.58,107.0,15.5,,
1973,minnesota,,,,,,53.9,24.79,1.9742857142857144,44.737963622133705,2.48,93.0,12.9,,
1973,missouri,,,,,,64.7,39.52,4.06,68.61069456592516,2.52,88.0,12.0,,
1973,nebraska,,,,,,58.6,22.97,4.04,19.775181740762925,2.41,94.0,14.5,,
1974,illinois,,,,,,60.9,30.49,3.137142857142857,194.4647668809803,3.02,82.0,11.5,,
1974,indiana,,,,,,60.2,29.69,1.8885714285714283,147.22559724104224,3.03,73.0,11.5,,
1974,iowa,,,,,,58.4,27.27,2.7571428571428567,50.95764721896774,2.97,80.0,11.5,,
1974,minnesota,,,,,,52.7,20.86,-0.2585714285714285,44.905823065127464,2.92,62.0,9.7,,
1974,missouri,,,,,,63.2,32.16,2.737142857142857,68.80127803538784,3.15,54.0,9.0,,
1974,nebraska,,,,,,59.2,13.65,-0.9871428571428572,19.899606724482567,2.92,70.0,8.0,,
1975,illinois,,,,,,62.3,28.34,1.1642857142857144,194.97583898759444,2.56,116.0,16.5,,
1975,indiana,,,,,,61.7,29.73,1.988571428571428,147.3320235972163,2.48,98.0,15.5,,
1975,iowa,,,,,,59.5,24.49,-1.0185714285714285,51.19429792114522,2.5,90.0,13.5,,
1975,minnesota,,,,,,53.5,22.76,0.0728571428571428,45.23468631978322,2.5,70.0,9.3,,
1975,missouri,,,,,,64.7,28.48,-0.2642857142857143,68.9788498972628,2.59,63.0,10.0,,
1975,nebraska,,,,,,58.4,17.65,-1.491428571428571,19.950364464100534,2.48,85.0,12.0,,
1976,illinois,,,,,,59.4,20.42,-1.1528571428571428,195.858361298867,2.14,107.0,13.5,,
1976,indiana,,,,,,58.5,23.05,0.0357142857142857,147.97239394775607,2.1,110.0,17.5,,
1976,iowa,,,,,,57.7,18.16,-1.96,51.58942658097224,2.05,91.0,12.5,,
1976,minnesota,,,,,,53.4,11.8,-4.052857142857143,45.604671859692374,2.03,59.0,6.9,,
1976,missouri,,,,,,61.7,21.77,-1.545714285714286,69.41956610090322,2.27,61.0,9.5,,
1976,nebraska,,,,,,58.2,14.66,-2.01,20.051130083708895,2.06,85.0,9.0,,
1977,illinois,,,,,,63.5,31.02,-0.0742857142857141,196.6088419722155,2.09,105.0,14.5,,
1977,indiana,,,,,,62.9,30.38,0.2185714285714286,148.97597581518716,1.97,102.0,15.0,,
1977,iowa,,,,,,60.8,30.62,-1.094285714285714,51.77585764776986,1.99,86.0,12.5,,
1977,minnesota,,,,,,54.8,28.25,-1.5914285714285714,45.888605423103456,1.9,100.0,13.0,,
1977,missouri,,,,,,66.0,34.21,0.4657142857142857,69.76593021732828,2.05,76.0,11.0,,
1977,nebraska,,,,,,60.7,24.37,1.807142857142857,20.127809694935124,1.97,99.0,13.0,,
1978,illinois,,,,,,62.4,27.65,-0.0814285714285714,197.06201743806068,2.3,111.0,15.5,,
1978,indiana,,,,,,61.5,28.97,1.2385714285714289,150.19993382674963,2.23,108.0,15.0,,
1978,iowa,,,,,,59.2,31.04,2.31,51.85575413774432,2.17,115.0,16.0,,
1978,minnesota,,,,,,53.7,23.8,2.2671428571428573,46.18741202562856,2.08,104.0,12.5,,
1978,missouri,,,,,,64.9,31.51,0.7242857142857144,70.14216221357427,2.26,87.0,13.0,,
1978,nebraska,,,,,,59.1,19.44,1.93,20.21885299661361,2.22,113.0,15.0,,
1979,illinois,,,,,,61.1,27.12,0.2914285714285714,196.7905093022272,2.57,127.0,16.0,,
1979,indiana,,,,,,60.2,35.32,2.8542857142857136,151.05002670269127,2.55,112.0,16.5,,
1979,iowa,,,,,,58.2,27.88,2.682857142857143,51.81434870588478,2.42,127.0,17.5,,
1979,minnesota,,,,,,51.4,23.2,3.231428571428572,46.58972025688372,2.29,100.0,13.5,,
1979,missouri,,,,,,63.2,30.11,0.6957142857142857,70.47255949510945,2.43,103.0,13.5,,
1979,nebraska,,,,,,58.1,21.12,2.9757142857142855,20.263586001982475,2.42,115.0,15.5,,
1980,illinois,,,,,,62.5,26.35,-0.5342857142857144,197.4443286588372,3.14,93.0,14.0,,
1980,indiana,,,,,,61.2,27.36,1.6028571428571428,150.76301052594005,3.16,96.0,14.5,,
1980,iowa,,,,,,60.1,24.94,-0.457142857142857,51.78376555213788,2.97,110.0,14.8,,
1980,minnesota,,,,,,54.4,19.12,-2.2742857142857145,46.98887673816423,2.85,97.0,12.0,,
1980,missouri,,,,,,65.8,20.72,-2.96,70.60936069682538,3.26,53.0,7.5,,
1980,nebraska,,,,,,60.5,13.42,-1.4414285714285715,20.32760849983988,3.04,85.0,11.5,,
1981,illinois,,,,,,62.0,36.23,2.7857142857142856,197.5955195286768,2.53,126.0,16.0,,
1981,indiana,,,,,,61.1,34.18,2.144285714285714,150.48057979848733,2.47,108.0,15.0,,
1981,iowa,,,,,,59.6,28.63,0.9071428571428573,51.67652015245018,2.41,125.0,16.5,,
1981,minnesota,,,,,,54.1,24.79,1.0299999999999998,47.29612634974555,2.33,110.0,13.5,,
1981,missouri,,,,,,64.6,38.47,2.59,70.75422421768606,2.48,107.0,14.0,,
1981,nebraska,,,,,,60.0,20.89,-0.6599999999999999,20.40801155197542,2.51,115.0,16.0,,
1982,illinois,,,,,,61.2,30.29,2.7542857142857144,197.2493829164332,2.61,131.0,16.5,,
1982,indiana,,,,,,60.7,27.77,1.5842857142857143,150.13700059446094,2.41,126.0,17.0,,
1982,iowa,,,,,,58.0,33.17,3.3999999999999995,51.324769457931815,2.69,120.0,15.8,,
1982,minnesota,,,,,,52.3,25.31,2.264285714285714,47.52298333149864,2.57,113.0,13.5,,
1982,missouri,,,,,,63.2,34.37,2.7542857142857144,70.71673873739203,2.7,101.0,13.0,,
1982,nebraska,,,,,,57.5,23.94,2.457142857142857,20.450223477561934,2.82,110.0,14.5,,
1983,illinois,,,,,,62.8,32.84,2.141428571428571,196.9973866219563,3.26,79.0,11.5,,
1983,indiana,,,,,,62.0,32.31,-0.2971428571428571,149.65574808035794,3.3,73.0,11.0,,
1983,iowa,,,,,,59.5,30.22,3.2471428571428573,51.01118995123933,3.12,87.0,12.0,,
1983,minnesota,,,,,,54.1,25.04,2.7371428571428575,47.63807971925959,3.06,84.0,11.5,,
1983,missouri,,,,,,64.5,34.14,0.0557142857142856,70.92162493316667,3.4,51.0,8.0,,
1983,nebraska,,,,,,58.8,20.62,4.771428571428571,20.482713085218577,3.13,97.0,14.0,,
1984,illinois,,,,,,61.9,30.72,0.3171428571428571,197.0546098451917,2.66,114.0,14.0,,
1984,indiana,,,,,,61.1,30.27,-0.0142857142857142,149.87340590424648,2.6,117.0,16.0,,
1984,iowa,,,,,,58.8,31.53,3.0042857142857144,50.79927588474789,2.51,112.0,15.0,,
1984,minnesota,,,,,,53.7,24.3,2.032857142857143,47.824999197684086,2.47,107.0,12.0,,
1984,missouri,,,,,,63.5,33.92,0.3214285714285714,71.37416204601575,2.69,80.0,11.0,,
1984,nebraska,,,,,,58.2,21.87,4.402857142857143,20.538900842829293,2.58,116.0,15.0,,
1985,illinois,,,,,,62.5,33.06,1.8157142857142856,196.84177537035805,2.27,135.0,16.0,,
1985,indiana,,,,,,62.6,32.28,0.0014285714285714,149.89781587087154,2.2,123.0,16.0,,
1985,iowa,,,,,,58.2,25.5,-0.1671428571428571,50.28510216568179,2.02,126.0,16.0,,
1985,minnesota,,,,,,51.6,27.16,3.358571428571429,48.130925994495016,2.05,115.0,12.5,,
1985,missouri,,,,,,64.1,38.38,3.261428571428571,71.73266267844875,2.14,110.0,13.5,,
1985,nebraska,,,,,,57.4,20.4,1.762857142857143,20.487509601112173,2.22,128.0,16.5,,
1986,illinois,,,,,,62.8,31.37,1.5742857142857145,196.62509032860183,1.54,135.0,16.0,,
1986,indiana,,,,,,62.0,31.19,1.0657142857142856,149.7576988183544,1.53,122.0,17.0,,
1986,iowa,,,,,,59.2,35.52,2.865714285714286,49.61490282784883,1.41,135.0,17.0,,
1986,minnesota,,,,,,53.0,28.87,4.3671428571428565,48.371448227963086,1.46,122.0,13.5,,
1986,missouri,,,,,,65.0,36.13,1.9042857142857144,72.05974608859168,1.45,116.0,13.5,,
1986,nebraska,,,,,,59.0,23.9,2.851428571428571,20.35394408710473,1.52,128.0,15.5,,
1987,illinois,,,,,,63.6,25.26,-2.024285714285714,196.69279469139775,1.96,132.0,15.5,,
1987,indiana,,,,,,62.5,25.66,-1.6328571428571428,150.2767606958351,2.08,135.0,18.0,,
1987,iowa,,,,,,60.9,27.29,0.4657142857142857,49.17136713094655,1.89,130.0,16.0,,
1987,minnesota,,,,,,55.8,19.22,-2.3771428571428572,48.71565613395536,1.98,127.0,13.5,,
1987,missouri,,,,,,65.3,27.8,-0.4199999999999999,72.54216542702532,1.82,113.0,14.0,,
1987,nebraska,,,,,,60.0,18.58,3.468571428571429,20.253281896410513,1.96,131.0,17.0,,
1988,illinois,,,,,,63.1,19.7,-3.44,196.67561391073417,2.59,73.0,7.5,,
1988,indiana,,,,,,61.7,23.76,-2.244285714285714,150.79085271509393,2.65,83.0,11.5,,
1988,iowa,,,,,,60.9,18.66,-3.902857142857143,49.195837208058386,2.45,84.0,9.0,,
1988,minnesota,,,,,,55.5,18.96,-5.554285714285714,49.41766818123207,2.4,74.0,6.2,,
1988,missouri,,,,,,64.7,24.8,-1.8057142857142856,72.90138334763844,2.63,76.0,8.0,,
1988,nebraska,,,,,,60.4,18.2,-1.1114285714285714,20.317019964754017,2.48,124.0,14.0,,
1989,illinois,,,,,,61.2,24.89,-1.505714285714286,197.01403212201637,2.4,123.0,14.0,,
1989,indiana,,,,,,60.3,32.55,2.2028571428571433,151.6683484557058,2.47,133.0,16.5,,
1989,iowa,,,,,,58.6,21.97,-4.701428571428571,49.23500354789463,2.29,118.0,13.5,,
1989,minnesota,,,,,,53.1,19.15,-3.0585714285714287,49.89952934250469,2.27,125.0,10.5,,
1989,missouri,,,,,,63.2,24.48,-0.0014285714285714,73.10357253985575,2.38,96.0,12.5,,
1989,nebraska,,,,,,59.1,14.56,-3.992857142857143,20.36080918128128,2.3,121.0,12.5,,
1990,illinois,,16.27,5.11,,352.0,62.0,35.22,2.6042857142857145,197.6563170449748,2.36,127.0,14.0,,
1990,indiana,,12.21,3.56,,332.0,61.1,36.09,3.584285714285714,152.53063258606983,2.31,129.0,17.0,,
1990,iowa,,12.67,3.08,,259.0,59.6,31.55,2.575714285714286,49.39808408359206,2.21,126.0,15.5,,
1990,minnesota,,13.4,,,231.0,53.9,22.26,-0.0385714285714285,50.46576308065386,2.17,124.0,12.0,,
1990,missouri,,7.15,1.37,,272.0,64.5,33.54,2.231428571428572,73.54169216028406,2.38,105.0,13.0,,
1990,nebraska,,9.62,4.25,,197.0,59.8,17.94,-3.1900000000000004,20.435795144038337,2.28,128.0,13.5,,
1991,illinois,,17.59,3.87,,342.0,63.7,27.49,-1.6185714285714283,199.192986788066,2.46,107.0,13.0,,
1991,indiana,,12.63,4.449999999999999,,325.0,63.3,25.53,-2.0885714285714285,153.82018723460337,2.45,92.0,13.0,,
1991,iowa,,13.33,4.6899999999999995,,246.0,59.3,31.0,1.7028571428571426,49.60169929313997,2.3,117.0,15.0,,
1991,minnesota,,15.71,3.5199999999999996,,223.0,53.6,28.7,2.0742857142857143,50.92755196562798,2.22,120.0,13.5,,
1991,missouri,,11.59,1.36,,262.0,65.1,30.79,-0.7899999999999999,73.99214913741075,2.45,97.0,10.0,,
1991,nebraska,,10.5,5.11,,191.0,59.2,19.1,-2.03,20.566904221334777,2.34,127.0,12.5,,
1992,illinois,,21.08,5.97,,337.0,60.1,27.95,0.3642857142857144,200.9062991303417,2.11,149.0,15.0,,
1992,indiana,,14.79,5.640000000000001,,316.0,59.4,32.37,1.1771428571428573,155.09936284220973,2.09,147.0,19.0,,
1992,iowa,,15.25,4.5,,244.0,56.5,29.93,1.4385714285714286,49.88062618518606,2.0,147.0,17.5,,
1992,minnesota,,15.83,4.46,,222.0,51.0,21.82,2.062857142857143,51.43452360206373,1.91,114.0,12.0,,
1992,missouri,,13.24,2.56,,259.0,62.1,32.33,0.722857142857143,74.5073915829675,2.11,135.0,14.0,,
1992,nebraska,,11.34,4.92,,192.0,56.8,20.44,1.7057142857142855,20.71688907546316,2.09,135.0,16.0,,
1993,illinois,,20.46,4.800000000000001,,332.0,60.9,41.14,4.808571428571429,202.47392881285984,2.57,130.0,12.0,,
1993,indiana,,13.9,3.42,,316.0,60.5,37.84,3.6128571428571425,156.56330185298827,2.51,132.0,16.0,,
1993,iowa,,15.29,4.15,,229.0,56.9,42.03,7.272857142857142,50.1223415002734,2.44,80.0,11.0,,
1993,minnesota,,15.41,2.02,,220.0,50.8,28.47,4.6642857142857155,52.01203002260403,2.26,70.0,8.5,,
1993,missouri,,8.24,1.27,,251.0,62.5,46.9,5.074285714285714,75.13962373070477,2.58,90.0,8.5,,
1993,nebraska,,12.45,5.83,,191.0,56.1,28.15,6.859999999999999,20.842852564280747,2.52,104.0,12.5,,
1994,illinois,,24.02,4.6,,331.0,62.5,28.69,-0.6842857142857143,203.83806553043289,2.27,156.0,15.0,,
1994,indiana,,12.5,2.48,,334.0,61.7,27.68,-0.8857142857142858,157.76213599563968,2.25,144.0,17.0,,
1994,iowa,,18.03,3.55,,250.0,59.6,25.91,2.36,50.28044627591905,2.22,152.0,18.0,,
1994,minnesota,,18.9,1.04,,224.0,54.6,25.69,2.9457142857142857,52.52181982963756,2.23,142.0,13.0,,
1994,missouri,,8.35,0.1,,268.0,64.2,34.45,2.878571428571429,75.76293281348111,2.25,118.0,13.0,,
1994,nebraska,,10.4,4.51,,187.0,59.8,19.61,3.99,20.964407395632794,2.33,139.0,16.0,,
1995,illinois,,13.37,2.28,,335.0,61.5,30.87,-0.3399999999999999,205.21855420708968,3.3,113.0,15.0,,
1995,indiana,,11.07,1.24,,307.0,61.2,29.63,-0.48,159.03049323783517,3.38,113.0,15.0,269.7214285714286,278.2142857142857
1995,iowa,,16.7,3.29,,252.0,57.8,28.14,-0.1714285714285714,50.48370607403469,3.2,123.0,15.0,300.87857142857143,298.87857142857143
1995,minnesota,,15.41,,,234.0,52.2,25.24,2.501428571428572,52.97522321924114,3.14,119.0,12.0,,316.4452380952381
1995,missouri,,8.26,0.1,,272.0,63.2,33.51,1.0928571428571432,76.38559633689533,3.48,102.0,10.0,,
1995,nebraska,,8.11,2.77,,187.0,57.5,22.34,4.5128571428571425,21.140120192155408,3.22,111.0,12.5,,
1996,illinois,,15.39,2.3600000000000003,,367.0,60.2,31.91,1.5514285714285714,206.39389227564183,2.79,136.0,14.0,,
1996,indiana,,13.41,2.52,,312.0,59.7,37.32,2.6814285714285715,160.21362153019462,2.78,123.0,18.0,294.37142857142857,299.22142857142853
1996,iowa,,18.195,4.437,,268.0,56.7,29.28,1.5571428571428572,50.618993435728555,2.6,138.0,18.0,279.0857142857143,284.7666666666667
1996,minnesota,,15.97,1.17,,226.0,51.3,23.16,2.0285714285714285,53.461535939784554,2.47,125.0,13.0,,290.1642857142857
1996,missouri,,9.55,1.2999999999999998,,273.0,62.5,36.73,1.502857142857143,77.00645229409561,2.77,134.0,15.0,,
1996,nebraska,,9.0,2.7,,196.0,57.1,23.76,2.757142857142857,21.301921799725164,2.64,143.0,16.5,275.09285714285716,276.1857142857143
1997,illinois,,14.8,4.006,,337.0,60.2,23.8,-0.4728571428571428,207.4041221786611,2.53,129.0,16.5,,
1997,indiana,,11.34,1.43,,325.0,59.1,26.67,1.5214285714285716,161.24224489319607,2.53,122.0,16.0,284.34999999999997,285.45
1997,iowa,,12.47,3.166,,257.0,57.6,24.25,-0.217142857142857,50.72424853139554,2.33,138.0,18.0,274.64285714285717,276.3404761904762
1997,minnesota,,14.69,,,213.0,52.4,21.72,2.1957142857142857,53.921679933348535,2.15,132.0,15.0,,298.40238095238095
1997,missouri,,10.92,1.67,,276.0,62.4,28.18,1.5314285714285716,77.56916487141389,2.45,115.0,14.0,,
1997,nebraska,,10.184,2.87,,189.0,57.9,20.4,2.461428571428571,21.410328230366183,2.32,132.0,15.5,264.9214285714286,265.22857142857146
1998,illinois,,12.61,2.395,,333.0,64.4,33.08,1.7928571428571427,208.41019070666536,2.04,141.0,15.0,,
1998,indiana,,12.325,2.6959999999999997,,325.0,63.4,33.74,0.8442857142857142,162.21004927298662,2.11,137.0,17.0,295.2357142857143,300.7785714285714
1998,iowa,,10.71,2.15,,267.0,61.3,32.82,2.2585714285714285,50.84204965062168,1.86,145.0,16.5,307.0142857142857,310.53333333333336
1998,minnesota,,17.419999999999998,0.08,,246.0,56.2,24.59,0.5485714285714286,54.36666331937016,1.71,153.0,16.0,,286.6904761904762
1998,missouri,,10.03,1.1900000000000002,,309.0,66.5,36.9,2.357142857142857,78.00597902735436,1.92,114.0,12.5,,
1998,nebraska,,11.57,2.456,,179.0,60.5,22.78,3.525714285714286,21.471480575855995,1.88,145.0,17.0,280.1714285714285,282.50714285714287
1999,illinois,,16.877,2.645,,340.0,63.6,24.61,-0.3914285714285714,209.42197465014664,1.91,140.0,17.0,,
1999,indiana,,11.208,2.13,,326.0,63.2,21.53,-1.9514285714285715,163.17886959064566,1.88,132.0,16.0,236.75952380952384,237.2595238095238
1999,iowa,,9.908,2.5500000000000003,,273.0,60.3,28.39,0.7514285714285714,50.99110920531603,1.72,149.0,18.0,288.5595238095238,280.90000000000003
1999,minnesota,,10.568,0.11,,205.0,55.2,26.53,3.0342857142857143,54.931413204429056,1.6,150.0,16.0,,307.43333333333334
1999,missouri,,12.458,1.09,,297.0,65.5,24.8,-0.5242857142857141,78.44748424799292,1.96,97.0,9.5,,
1999,nebraska,,14.24,3.2060000000000004,,181.0,59.6,20.83,2.1528571428571426,21.53943337245101,1.75,139.0,16.0,279.17142857142863,275.2261904761905
2000,illinois,,12.897,3.24,,352.0,62.2,31.74,1.41,214.70210339376536,1.91,151.0,16.0,,
2000,indiana,,12.886,1.14,,354.0,61.3,32.19,1.467142857142857,167.26911782270784,1.9,146.0,19.0,262.6714285714286,288.99285714285713
2000,iowa,,10.919,1.166,,255.0,59.6,24.96,-0.4928571428571429,52.05119488435001,1.75,144.0,17.0,202.3,228.72857142857143
2000,minnesota,,12.19,0.1,,247.0,53.7,24.23,1.5742857142857145,56.7509621752044,1.71,145.0,16.0,,263.45
2000,missouri,,11.475,0.78,,278.0,64.7,27.59,-0.6428571428571427,80.4407850633057,1.78,143.0,15.0,,
2000,nebraska,,12.288,2.6769999999999996,,196.0,59.4,17.12,-1.7000000000000004,22.15731770556917,1.9,126.0,14.0,157.52857142857144,185.49285714285716
2001,illinois,,12.146,2.675,,352.0,63.9,30.92,0.6585714285714286,215.63943153199895,2.04,152.0,16.0,,
2001,indiana,,11.908,2.756,,348.0,62.9,35.49,1.397142857142857,168.2546873863076,1.98,156.0,19.0,272.35714285714283,287.25714285714287
2001,iowa,,10.531,,,251.0,61.1,28.88,-0.1,52.10326265917767,1.9,146.0,18.5,274.5,282.4714285714286
2001,minnesota,,17.366,1.965,,223.0,55.9,26.04,0.0814285714285714,57.31579257942324,1.9,130.0,14.0,,298.2785714285714
2001,missouri,,13.29,1.17,,284.0,65.9,32.62,0.9085714285714284,80.92648958160436,1.96,133.0,16.0,,
2001,nebraska,,9.7,2.297,,188.0,61.1,21.71,0.5514285714285714,22.235096249008215,1.94,147.0,17.0,254.55,262.5333333333333
2002,illinois,,10.909,2.686,,367.0,62.6,29.48,-0.2057142857142857,216.28023148296035,2.35,135.0,15.0,,
2002,indiana,,8.889,1.246,,343.0,62.3,30.39,-0.5014285714285714,169.0291889932742,2.41,121.0,16.0,264.40000000000003,270.1714285714286
2002,iowa,,11.3,1.1700000000000002,,251.0,59.0,26.79,0.1757142857142857,52.14301542787716,2.22,163.0,19.0,248.92142857142855,260.65000000000003
2002,minnesota,,8.84,,,236.0,52.7,26.12,1.5485714285714285,57.731489996702166,2.15,157.0,17.0,,300.24285714285713
2002,missouri,,,,,,64.4,30.32,-0.5571428571428572,81.40969793703616,2.45,105.0,13.0,,
2002,nebraska,,10.11,2.715,,201.0,59.6,14.25,-3.6457142857142855,22.344420611262297,2.32,128.0,10.5,172.82857142857142,186.24285714285716
2003,illinois,,12.607,1.226,,351.0,62.0,30.75,0.9842857142857144,216.80601517261505,2.42,164.0,15.0,,
2003,indiana,,8.52,2.926,,371.0,61.2,37.4,2.6771428571428575,170.1459243730359,2.53,146.0,19.0,300.9357142857143,314.0214285714286
2003,iowa,,9.71,1.115,,280.0,59.0,25.05,-0.2799999999999999,52.28100391645628,2.37,157.0,20.0,236.43571428571428,249.3571428571429
2003,minnesota,,9.05,1.17,,237.0,54.0,19.95,-0.8457142857142858,58.1299103028061,2.35,146.0,14.0,,258.5142857142857
2003,missouri,,12.07,0.79,,313.0,64.3,31.38,0.1757142857142857,81.90574575089241,2.46,108.0,10.5,,
2003,nebraska,,9.747,1.519,,188.0,59.5,17.39,-2.9257142857142857,22.47824469755511,2.39,146.0,13.0,200.15,231.51904761904763
2004,illinois,,,,,,62.5,31.29,1.0885714285714283,217.38907388685377,2.14,180.0,20.0,,
2004,indiana,,,,,,62.1,33.06,2.567142857142857,171.14453638224524,1.99,168.0,20.5,288.7071428571429,301.9142857142857
2004,iowa,,,,,,59.3,28.95,1.4728571428571426,52.48778228775141,1.99,181.0,19.5,286.39285714285717,293.0380952380952
2004,minnesota,,,,,,53.3,25.86,2.072857142857143,58.52262525129167,1.94,159.0,16.0,,289.09999999999997
2004,missouri,,,,,,64.2,35.02,1.695714285714286,82.45573363589504,2.03,162.0,14.5,,
2004,nebraska,,,,,,59.2,19.63,-1.412857142857143,22.61692994281286,2.02,166.0,16.5,196.20714285714288,230.87142857142857
2005,illinois,,11.648,1.64,,367.0,64.3,21.49,-2.878571428571429,217.7366609368619,2.08,143.0,15.0,,
2005,indiana,,8.249,1.562,,358.0,63.2,27.26,-1.082857142857143,172.396858280786,2.0,154.0,20.0,259.2690476190476,266.04523809523806
2005,iowa,,8.06,0.228,,296.0,61.2,24.79,-0.6914285714285714,52.68004210203827,1.94,173.0,18.5,261.8595238095238,261.5214285714286
2005,minnesota,,11.941,1.112,,283.0,55.8,27.58,2.537142857142857,58.88939002480335,1.86,174.0,16.0,,307.247619047619
2005,missouri,,10.913,0.011,,313.0,65.9,26.65,-1.5957142857142856,83.06627498906494,2.03,111.0,13.0,,
2005,nebraska,,9.962,0.38,,209.0,60.8,20.4,-0.1628571428571428,22.773715248046457,1.92,154.0,15.5,240.58809523809524,257.497619047619
2006,illinois,,,,,,62.7,29.03,0.2357142857142857,218.3246407792304,3.07,163.0,18.0,,
2006,indiana,,,,,,61.5,36.15,2.2114285714285713,173.88103367559455,3.17,157.0,21.0,307.34285714285716,317.0571428571429
2006,iowa,,,,,,60.0,25.83,-0.5085714285714287,53.00328879968852,3.03,166.0,18.5,257.57142857142856,268.65
2006,minnesota,,,,,,55.3,18.76,-2.0942857142857143,59.39501584099444,2.89,161.0,15.0,,266.1142857142857
2006,missouri,,,,,,65.2,28.55,-1.7542857142857142,83.818050384904,3.06,138.0,13.0,,232.35
2006,nebraska,,,,,,60.1,16.95,-1.107142857142857,22.918464013396115,3.0,152.0,15.0,206.82857142857145,226.87142857142857
2007,illinois,,,,,,64.2,24.36,-1.47,219.22099405061508,4.09,175.0,18.0,,
2007,indiana,,,,,,63.4,26.01,-1.6685714285714286,175.16962730182,4.39,154.0,18.5,237.18571428571428,242.90714285714287
2007,iowa,,,,,,60.9,34.51,2.684285714285714,53.29771163018161,4.29,171.0,19.5,305.82142857142856,299.79285714285714
2007,minnesota,,,,,,55.4,24.29,-0.4428571428571428,59.897087311411184,4.13,146.0,13.5,,261.7
2007,missouri,,,,,,65.9,27.69,-0.8057142857142857,84.46228993677678,4.17,140.0,15.0,,255.92142857142855
2007,nebraska,,,,,,60.9,23.46,2.6357142857142857,23.057407830939233,4.14,160.0,17.0,258.6928571428571,272.5
2008,illinois,,,,,,61.5,34.56,3.537142857142857,220.10458692309484,4.01,179.0,17.0,,
2008,indiana,,,,,,61.1,30.15,2.8871428571428575,176.41091117270804,4.1,160.0,20.0,297.0571428571429,295.74285714285713
2008,iowa,,,,,,58.4,37.38,5.404285714285714,53.60908758599402,4.1,171.0,20.5,319.0214285714286,318.50714285714287
2008,minnesota,,,,,,53.1,24.48,1.442857142857143,60.355068790394014,3.92,162.0,16.0,,288.5857142857143
2008,missouri,,,,,,63.2,40.16,4.557142857142857,84.9830985386114,4.11,144.0,14.0,,315.80000000000007
2008,nebraska,,,,,,58.3,26.16,4.192857142857142,23.22467824234455,4.05,163.0,17.0,268.7142857142857,279.0285714285714
2009,illinois,,,,,,61.4,39.49,5.002857142857143,220.963453285112,3.53,174.0,19.0,,
2009,indiana,,,,,,60.9,35.31,2.4271428571428575,177.35872628849066,3.66,171.0,20.0,307.0642857142857,315.04285714285714
2009,iowa,,,,,,58.0,32.17,4.362857142857143,53.89583352955006,3.59,181.0,22.0,311.60714285714283,310.77857142857147
2009,minnesota,,,,,,53.3,20.52,-0.3999999999999999,60.74828985931347,3.47,174.0,20.0,,277.15476190476187
2009,missouri,,,,,,63.1,41.99,4.478571428571429,85.51635926325322,3.58,153.0,16.0,,318.12857142857143
2009,nebraska,,,,,,57.2,22.72,5.3100000000000005,23.43547929799176,3.58,179.0,18.0,282.57142857142856,287.9071428571429
2010,illinois,0.1709999999999999,8.821,0.221,0.0,383.0,65.0,33.2,3.618571428571428,221.71918316179892,5.24,157.0,18.0,,
2010,indiana,0.0,8.579,0.128,,383.0,64.2,29.85,-0.4685714285714287,178.21623276509456,5.38,157.0,21.0,266.697619047619,266.85238095238094
2010,iowa,0.088,6.548,0.118,,298.0,61.2,38.84,5.725714285714285,54.214797519441454,5.23,165.0,21.5,324.2666666666667,320.0238095238095
2010,minnesota,0.0,5.6419999999999995,0.0,,251.0,55.7,29.25,2.1,61.09027773703892,5.01,177.0,20.0,,310.89285714285717
2010,missouri,0.0,6.037,0.0,,254.0,66.8,36.47,3.78,86.01847533511345,5.35,123.0,15.0,,
2010,nebraska,0.124,8.602,0.0,0.0,221.0,60.2,23.9,6.447142857142857,23.654076308042853,5.09,166.0,18.5,291.3452380952381,285.78333333333336
2011,illinois,,,,,,63.4,35.6,0.76,222.18950487407523,6.25,157.0,21.0,,
2011,indiana,,,,,,63.0,41.44,2.8614285714285717,178.94921820835236,6.31,146.0,20.0,281.2309523809523,287.90238095238095
2011,iowa,,,,,,59.9,25.92,0.3699999999999998,54.498291448392216,6.2,172.0,20.5,280.51666666666665,276.0785714285714
2011,minnesota,,,,,,55.0,20.96,0.8942857142857142,61.50076441439623,6.09,155.0,18.0,,301.62619047619046
2011,missouri,,,,,,65.7,33.95,-0.3785714285714286,86.23499594516991,6.4,114.0,10.0,,
2011,nebraska,,,,,,59.4,22.77,2.8428571428571425,23.80046700740461,6.11,160.0,18.0,278.5976190476191,280.7690476190476
2012,illinois,,,,,,63.7,22.41,-3.285714285714286,222.4527593283437,6.87,105.0,11.0,198.41428571428577,212.8
2012,indiana,,,,,,62.6,22.94,-1.2257142857142858,179.54612289278697,7.23,99.0,13.0,209.57142857142856,220.33571428571432
2012,iowa,,,,,,61.2,19.92,-3.515714285714286,54.67727664568377,6.92,137.0,15.0,190.78571428571428,200.75
2012,minnesota,,,,,,55.4,21.76,-2.858571428571428,61.85596893708843,6.67,165.0,18.0,,
2012,missouri,,,,,,66.2,21.58,-3.4400000000000004,86.44795880585289,7.34,75.0,8.0,,190.75
2012,nebraska,,,,,,61.8,10.57,-4.871428571428571,23.965655911912695,6.85,142.0,10.0,181.3928571428571,184.41428571428577
2013,illinois,,,,,,61.7,30.94,0.1785714285714286,222.67289779334888,4.52,178.0,19.0,274.40714285714284,284.1928571428571
2013,indiana,,,,,,61.3,31.53,0.3071428571428572,180.413404339153,4.47,177.0,23.0,287.74285714285713,297.1928571428571
2013,iowa,,,,,,58.4,29.51,-0.2914285714285715,54.980993485130746,4.49,164.0,19.0,247.96428571428572,260.50714285714287
2013,minnesota,,,,,,52.7,23.77,0.3657142857142857,62.28412381868328,4.3,159.0,16.5,261.40000000000003,278.7142857142857
2013,missouri,,,,,,63.3,33.21,1.16,86.69129164808292,4.57,136.0,14.0,260.89285714285717,274.7642857142857
2013,nebraska,,,,,,58.7,21.07,-2.9014285714285712,24.12237657407495,4.47,169.0,16.0,198.87857142857143,237.55
2014,illinois,0.3429999999999999,9.916,0.205,0.0,386.0,60.9,33.99,1.8357142857142856,222.48838138915676,3.71,200.0,22.0,285.09999999999997,301.15000000000003
2014,indiana,0.098,10.735,0.053,0.0,357.0,60.4,34.16,2.1128571428571425,181.11204009934224,3.75,188.0,22.0,307.90000000000003,314.5285714285714
2014,iowa,0.304,10.074,0.087,0.0,307.0,57.5,34.85,2.6385714285714283,55.27790419564973,3.71,178.0,20.0,280.7142857142857,297.42857142857144
2014,minnesota,0.0,7.49,0.0,0.0,319.0,52.2,25.86,0.42,62.720572173751606,3.58,156.0,18.0,301.9785714285714,307.62857142857143
2014,missouri,0.137,8.987,0.206,,337.0,63.3,33.1,0.7485714285714286,86.92284661839508,3.54,186.0,18.0,262.6714285714286,281.3357142857143
2014,nebraska,0.278,9.681,0.076,0.0,250.0,58.3,22.5,1.5214285714285711,24.305213037059485,3.77,179.0,21.0,249.01428571428573,260.18571428571425
2015,illinois,,,,,,63.7,36.85,3.005714285714286,222.04794905510025,3.69,175.0,20.0,301.7785714285714,307.1714285714285
2015,indiana,,,,,,62.9,35.02,2.9757142857142855,181.5355214438399,3.92,150.0,17.0,306.4071428571429,309.8785714285714
2015,iowa,,,,,,60.6,35.61,3.2814285714285707,55.4893384567076,3.52,192.0,24.0,301.62142857142857,305.9857142857143
2015,minnesota,,,,,,55.9,25.99,1.2771428571428574,63.08103344731395,3.37,188.0,21.5,285.0357142857143,290.7
2015,missouri,,,,,,65.7,41.72,2.8485714285714288,87.15640999561163,3.69,142.0,14.0,303.7857142857143,314.9785714285714
2015,nebraska,,,,,,60.5,25.34,3.0585714285714287,24.461700984164903,3.57,185.0,20.0,269.2785714285714,272.3285714285715
2016,illinois,0.266,9.591,0.245,0.0,392.0,65.0,32.82,2.712857142857142,221.3939397602115,3.43,197.0,21.0,302.252380952381,304.0285714285714
2016,indiana,0.142,11.591,0.0,0.0,358.0,64.0,32.44,2.392857142857143,182.2619444776226,3.63,173.0,22.0,297.85714285714283,299.90238095238095
2016,iowa,0.296,10.29,0.208,0.0,338.0,61.9,32.83,3.9228571428571426,55.678932685252434,3.3,203.0,24.0,301.38571428571424,299.2619047619047
2016,minnesota,0.0,6.822,0.07,,296.0,56.4,28.72,3.1128571428571425,63.55676364969426,3.21,193.0,21.5,308.45952380952383,310.43095238095236
2016,missouri,0.0,9.048,0.045,,328.0,67.1,33.26,1.6314285714285712,87.38555487763853,3.4,163.0,15.0,286.3857142857143,286.53333333333336
2016,nebraska,0.0,10.481,0.077,0.0,218.0,61.4,22.14,3.75,24.648183316373142,3.32,178.0,19.5,276.84523809523813,271.1952380952381
2017,illinois,,,,,,63.3,30.54,-0.0757142857142857,220.6718980273183,3.41,201.0,17.0,272.6928571428571,277.2
2017,indiana,,,,,,62.6,35.21,2.4214285714285713,182.9255990257979,3.56,180.0,21.0,293.4428571428571,302.1857142857143
2017,iowa,,,,,,59.9,26.85,2.0914285714285716,55.86595018091331,3.31,202.0,21.0,270.7214285714286,270.9857142857143
2017,minnesota,,,,,,53.9,24.83,3.057142857142857,64.0619983728228,3.18,194.0,21.5,299.79285714285714,298.0285714285714
2017,missouri,,,,,,65.3,34.11,0.7771428571428572,87.67244145816653,3.41,170.0,15.0,279.12142857142857,283.7785714285714
2017,nebraska,,,,,,59.9,21.66,1.6857142857142855,24.784127695405985,3.35,181.0,19.5,260.45,260.2142857142857
2018,illinois,0.535,9.908,0.139,0.0,433.0,62.5,32.45,1.81,219.71861507367447,3.62,210.0,20.0,283.57142857142856,291.2
2018,indiana,0.417,8.047,0.034,0.0,343.0,62.2,34.8,2.898571428571429,183.92541917733743,3.78,189.0,21.0,292.2214285714286,298.05
2018,iowa,0.58,9.471,0.122,0.0,319.0,58.6,38.14,2.994285714285714,55.97552352548238,3.59,196.0,20.5,296.04285714285714,299.12142857142857
2018,minnesota,0.0,7.76,0.063,0.0,321.0,52.6,25.99,2.5985714285714283,64.51611493212867,3.47,182.0,22.0,307.7857142857143,309.29285714285714
2018,missouri,0.252,10.361,0.0399999999999999,0.0,337.0,64.8,28.99,-0.4571428571428572,87.88194698982124,3.68,140.0,13.0,236.47857142857143,244.4714285714286
2018,nebraska,0.351,11.235,1.406,0.0,270.0,58.5,24.72,3.041428571428572,24.89420191728764,3.58,192.0,21.0,278.70714285714286,285.2214285714286
2019,illinois,,,,,,62.2,37.4,4.618571428571428,218.72285501406836,3.55,181.0,20.0,309.7142857142857,310.2
2019,indiana,,,,,,62.0,34.13,4.131428571428571,184.81859331046095,3.84,169.0,20.0,296.29285714285714,300.3
2019,iowa,,,,,,58.4,34.54,5.094285714285713,56.14782698784724,3.5,198.0,22.0,313.74285714285713,309.57142857142856
2019,minnesota,,,,,,52.6,29.8,5.005714285714285,64.87604707978286,3.26,174.0,19.0,331.24285714285713,328.7857142857143
2019,missouri,,,,,,64.5,41.31,4.185714285714286,88.08980275866165,3.67,155.0,16.0,313.7285714285714,314.3
2019,nebraska,,,,,,58.0,26.43,7.5457142857142845,24.985465005408688,3.52,182.0,23.0,306.75,304.87142857142857
2020,illinois,,,,,,62.3,29.91,3.258571428571429,220.85258113170408,4.46,191.0,20.0,285.7785714285714,285.2428571428572
2020,indiana,,,,,,61.8,28.52,0.24,186.4135608485003,4.65,187.0,21.0,267.5357142857143,275.0928571428571
2020,iowa,,,,,,59.3,23.39,-0.7371428571428572,56.70418804392388,4.64,177.0,20.5,265.45,264.31428571428575
2020,minnesota,,,,,,53.7,21.31,-0.1957142857142857,65.68727761614515,4.52,191.0,23.0,303.7,300.7357142857142
2020,missouri,,,,,,64.3,32.38,3.5542857142857143,88.28994050668376,4.59,170.0,17.0,291.9071428571429,291.6928571428571
2020,nebraska,,,,,,59.7,14.87,1.392857142857143,25.382399320678893,4.47,180.0,19.0,253.29285714285717,248.59285714285716
2021,illinois,0.426,10.438,0.102,0.0,380.0,63.6,30.39,1.7485714285714289,219.12559323336248,5.96,202.0,20.0,281.7833333333333,289.2547619047619
2021,indiana,0.254,10.189,0.051,0.0,371.0,62.7,32.97,1.375714285714286,187.09176802019792,6.07,195.0,22.0,282.48571428571427,290.92380952380955
2021,iowa,0.409,6.021,0.065,,317.0,61.2,25.16,-0.9228571428571428,56.829292868083186,6.1,204.0,21.0,232.22857142857143,251.67857142857144
2021,minnesota,0.426,7.148,0.0,,320.0,56.6,19.32,-3.051428571428571,65.77228284356404,5.91,177.0,19.0,229.9,237.6214285714286
2021,missouri,0.0,6.3149999999999995,0.0,,353.0,65.4,32.11,2.27,88.51899931412903,6.15,159.0,15.0,296.0809523809524,296.7761904761905
2021,nebraska,0.0,6.962,0.093,0.0,270.0,61.3,16.88,-0.9257142857142856,25.39506936266198,5.96,194.0,19.5,246.39047619047616,257.7047619047619
2022,illinois,,,,,,62.6,26.31,-0.1528571428571428,217.26374915714888,6.4,214.0,23.0,280.32142857142856,288.03809523809525
2022,indiana,,,,,,62.1,25.67,-0.3071428571428571,187.59907796773985,6.48,190.0,22.0,272.43333333333334,276.4666666666667
2022,iowa,,,,,,59.4,21.92,-1.337142857142857,56.86037359783526,6.62,200.0,21.0,248.00714285714284,257.497619047619
2022,minnesota,,,,,,53.9,22.39,-1.0185714285714285,65.73009080375721,6.27,195.0,21.5,283.502380952381,285.5238095238096
2022,missouri,,,,,,65.0,29.02,-0.5257142857142857,88.61619186253773,6.71,161.0,11.0,258.32142857142856,265.34523809523813
2022,nebraska,,,,,,60.3,13.38,-4.947142857142857,25.444288597182,6.77,165.0,12.5,196.61666666666665,199.46428571428572
2023,illinois,,,,,,63.3,22.08,-1.5942857142857143,216.69693879929653,4.75,206.0,20.0,246.91428571428568,250.67857142857144
2023,indiana,,,,,,62.1,22.62,-1.247142857142857,188.42075204114272,4.7,203.0,22.0,250.65714285714284,256.55
2023,iowa,,,,,,60.9,19.44,-2.345714285714286,56.99029424690184,4.85,201.0,20.0,222.72857142857143,230.18571428571428
2023,minnesota,,,,,,55.7,18.25,-2.914285714285714,66.00172794117223,4.75,185.0,18.5,246.41428571428577,250.30714285714288
2023,missouri,,,,,,65.6,22.69,-1.8528571428571428,88.88858922182696,4.8,153.0,14.0,222.96428571428572,229.00714285714284
2023,nebraska,,,,,,60.7,20.74,-0.997142857142857,25.577698967818225,4.95,182.0,17.0,204.31428571428572,221.6428571428571
2024,illinois,,,,,,,,,,,222.0,,276.4428571428572,
2024,indiana,,,,,,,,,,,202.0,,266.49285714285713,
2024,iowa,,,,,,,,,,,214.0,,267.0857142857143,
2024,minnesota,,,,,,,,,,,183.0,,293.63571428571424,
2024,missouri,,,,,,,,,,,185.0,,280.7357142857143,
2024,nebraska,,,,,,,,,,,196.0,,251.19285714285715,
